repositories,stars,followers,following,contributions,commits,issues,pull_requests,account_age_days,has_readme,has_profile_readme,quality_score,quality,quality_numeric
52,319,359,24,1653,2186,76,3,2445,1,0,60.02145739032817,medium,2
93,737,222,53,28,3753,16,0,1147,0,0,63.98075947639721,high,3
15,442,353,32,1365,610,23,70,197,1,1,44.12509397867072,medium,2
72,951,187,163,593,2662,57,177,3031,1,1,55.83770076676297,medium,2
61,314,447,94,465,4432,71,188,1768,1,1,81.47739941707478,high,3
21,876,343,13,966,3834,90,34,1394,0,0,60.5489770486063,medium,2
83,965,364,64,1142,3916,22,7,2738,0,1,82.93965281961759,high,3
87,740,162,109,1301,989,45,151,724,1,0,48.65649122264963,medium,2
75,376,495,79,454,2461,71,35,954,0,1,82.87884025170835,high,3
75,288,325,53,1273,638,7,177,181,1,1,57.890169187354864,medium,2
88,436,466,124,1962,1639,58,122,615,1,1,83.8410917231826,high,3
24,661,413,179,1334,3706,89,42,942,0,1,67.11592977089803,high,3
3,276,454,130,611,3440,58,26,2351,0,1,59.72101530436216,medium,2
22,709,73,168,112,3684,12,31,1607,0,0,25.664512881514785,low,1
53,581,232,133,997,3939,38,77,525,0,1,54.13248675286958,medium,2
2,502,223,24,1283,2775,27,120,2178,1,0,34.440286210110564,low,1
88,623,481,140,1486,4379,88,145,586,0,0,97.04046039249613,high,3
30,515,318,116,529,4790,60,155,1135,0,0,60.208352644019094,medium,2
38,349,411,135,1186,125,15,156,1582,1,0,56.07853720267982,medium,2
2,842,59,148,868,4966,1,15,2150,1,0,25.160278691816906,low,1
64,445,334,195,183,2013,81,98,3115,1,0,61.084076151045615,high,3
60,829,221,24,1376,702,16,46,3534,1,0,47.451053848490936,medium,2
21,349,36,78,1703,3172,29,186,186,0,0,18.223381507057415,low,1
33,606,476,67,1014,1115,12,30,764,0,1,66.80842319239107,high,3
76,663,277,172,440,3018,95,3,2209,1,1,62.96809102284843,high,3
58,822,195,187,736,2171,92,164,3439,1,0,49.507979819046,medium,2
22,136,403,11,1722,163,93,16,3096,0,0,47.485121116621094,medium,2
89,758,351,31,1720,3709,81,38,1457,0,0,80.58553539519964,high,3
49,898,483,127,1885,4420,12,47,3477,0,1,89.5034353709969,high,3
91,242,241,95,859,3796,42,173,588,0,1,62.84931421317967,high,3
59,542,323,91,1691,1074,84,175,2184,0,0,58.47138864428689,medium,2
42,39,218,140,1995,4210,93,38,2342,1,0,45.14437634209266,medium,2
92,228,191,30,1357,1923,20,131,3306,1,1,51.52918102094309,medium,2
60,547,16,77,999,1226,54,29,3180,1,1,21.205176679900926,low,1
80,919,11,19,1706,2411,80,157,184,1,0,36.348873929544325,low,1
15,222,405,145,648,1782,39,21,3065,0,0,51.16733095425685,medium,2
62,5,400,59,429,1970,82,65,1026,1,0,62.15857098350611,high,3
62,321,393,190,603,2790,14,107,2324,0,0,68.99506869454616,high,3
47,467,373,133,494,4814,72,11,560,0,1,69.32365610500894,high,3
62,731,192,159,1692,4756,51,35,2935,0,1,57.81677248922464,medium,2
51,74,21,92,1784,2881,73,17,2001,0,0,19.709724990087185,low,1
55,3,473,42,421,670,94,89,2615,0,0,64.7985992028549,high,3
64,846,119,129,945,2645,52,180,758,0,0,43.806387202422336,medium,2
3,645,209,59,1117,2339,86,198,1207,0,1,33.64143532465125,low,1
51,117,305,150,1146,3964,51,0,183,1,0,55.91843552548238,medium,2
7,880,269,30,1770,2460,29,126,121,0,0,44.56465346330713,medium,2
21,605,191,4,341,1142,32,185,3534,1,0,31.809478843212684,low,1
73,503,174,161,1411,709,56,89,2415,1,1,42.187572415071614,medium,2
39,997,284,9,1788,2048,51,86,1533,0,0,55.652784858362566,medium,2
18,946,203,88,664,4657,8,89,1746,0,1,47.40774963567172,medium,2
4,573,163,129,50,4510,53,133,3232,1,0,33.97129402192664,low,1
89,440,250,125,1968,4567,0,69,2527,1,0,69.0674515816739,high,3
60,193,226,10,1803,2189,43,43,2046,1,0,45.795065991050144,medium,2
14,846,435,177,968,2848,98,199,2887,1,1,68.01210651259315,high,3
9,714,380,158,1830,883,74,151,816,0,0,51.27168911855731,medium,2
90,391,459,55,114,93,97,85,302,0,0,74.80533219529028,high,3
53,25,6,82,211,1432,79,18,2057,0,1,11.093457925877868,low,1
2,434,28,136,459,2685,8,100,2665,1,1,9.4295365950369,low,1
84,172,394,98,1852,3190,31,145,206,0,1,76.52361310654867,high,3
92,299,32,148,1876,4326,14,94,2908,1,0,42.14183827429414,medium,2
60,644,133,72,1299,3985,11,100,672,0,1,46.13287425396384,medium,2
71,325,366,155,919,1401,96,29,1928,1,0,63.0045238499843,high,3
44,409,78,189,219,3228,77,169,3150,0,1,29.883849443594762,low,1
8,117,415,114,572,4217,56,32,596,0,1,56.93828111723904,medium,2
47,835,434,6,1151,624,7,11,695,1,1,66.92013550951887,high,3
35,786,458,79,722,2981,71,117,3456,1,0,75.51734936377729,high,3
78,723,57,143,1410,3575,26,93,1361,1,0,42.244233185542214,medium,2
81,224,470,96,1584,3586,61,154,2945,1,0,87.24941166777383,high,3
36,531,25,3,1573,4580,11,166,1828,1,0,28.636057298666785,low,1
50,112,481,3,780,280,64,136,1099,0,0,64.66192782438091,high,3
4,139,429,102,1117,4076,41,148,2379,1,0,59.74647322509051,medium,2
2,558,225,39,463,2478,61,75,2945,0,0,32.982603003197845,low,1
6,0,284,16,676,1400,10,28,2989,0,0,30.446417996529235,low,1
54,89,3,100,638,3364,42,160,437,0,0,20.184912689952778,low,1
4,653,464,102,1547,4145,94,189,1242,0,1,70.76017801877515,high,3
54,319,98,123,1638,3617,16,116,2899,0,1,36.44735842692579,low,1
93,549,396,51,1711,2593,96,14,1883,1,0,80.56170279052283,high,3
63,804,488,51,396,4083,31,1,1182,1,0,88.88227497901575,high,3
18,893,38,163,1945,3085,92,179,2638,0,0,24.65243984077696,low,1
90,138,270,123,1383,3916,84,116,3638,0,0,66.0323911006061,high,3
44,510,374,165,305,299,84,171,3367,1,1,55.77315479960659,medium,2
34,867,284,177,267,2490,39,181,1171,1,1,53.54510396873214,medium,2
74,844,156,62,1114,3262,22,17,2541,0,0,52.09823474584564,medium,2
62,258,74,115,1970,288,55,2,173,1,1,21.761018677295272,low,1
14,672,371,190,277,2934,5,134,2519,1,1,57.059101641150825,medium,2
95,901,287,61,428,590,85,170,3301,1,0,66.20234122754168,high,3
48,689,129,6,244,4968,49,165,3258,0,0,46.42948638725392,medium,2
15,9,174,154,1866,263,36,164,516,1,0,18.524596020453885,low,1
72,260,461,91,1344,4286,63,185,889,0,0,85.80062746854932,high,3
78,918,83,13,1846,4786,53,160,3235,0,1,53.75946867291818,medium,2
87,649,21,198,995,834,71,107,1965,0,0,29.941813685354262,low,1
62,171,458,85,1390,3842,48,186,177,0,1,79.79648468276406,high,3
40,897,26,132,1246,709,98,94,1389,0,0,19.15563704664947,low,1
85,12,194,182,583,1390,10,121,3172,1,1,44.34015064909652,medium,2
80,167,336,129,58,3906,87,10,3334,0,0,68.25464872575222,high,3
82,641,381,61,1160,1683,48,67,1387,0,0,73.19977741216215,high,3
53,595,235,148,232,2737,20,122,2888,0,1,50.803759018090254,medium,2
24,320,439,78,930,3166,65,195,2743,1,1,66.22245652520948,high,3
26,318,91,148,1312,3398,62,112,119,1,1,25.352420015139575,low,1
89,612,476,137,1441,4317,82,97,1387,1,0,96.09885526254806,high,3
60,328,20,57,1538,393,27,92,228,1,1,16.589922783004535,low,1
41,784,302,119,1327,351,16,21,3262,1,1,49.24073602035091,medium,2
29,776,463,166,1829,1997,5,193,567,1,1,72.07948406997161,high,3
15,970,356,132,286,4069,18,171,3222,1,1,63.76283838758349,high,3
45,910,442,64,1471,4949,55,126,330,0,1,84.94641928390828,high,3
65,919,83,12,1140,3119,27,133,753,0,1,42.13313237346351,medium,2
89,549,261,180,1691,4092,65,169,1628,1,1,70.58485308430272,high,3
71,418,146,81,429,4525,37,24,3040,0,1,48.98602807516234,medium,2
9,605,440,172,620,2808,36,184,1489,0,1,63.065288141179145,high,3
88,94,452,159,1462,3250,67,84,97,1,0,82.5971456231687,high,3
1,816,386,163,384,1998,85,54,2536,0,0,52.47019073808016,medium,2
8,580,256,187,82,3424,89,143,1567,0,1,41.94519112429388,medium,2
88,317,57,138,1982,1859,48,94,427,1,0,34.74721346804467,low,1
63,955,379,190,1667,315,42,141,649,0,0,67.4797752751129,high,3
11,235,421,148,1063,3623,35,166,3387,1,1,60.92492391589811,medium,2
81,945,14,51,1221,2759,57,155,1614,1,1,38.452563944117465,low,1
8,333,161,182,1397,4974,12,178,1193,0,1,35.18170389766882,low,1
35,884,444,116,1899,1145,51,118,759,0,1,69.07992306622792,high,3
35,375,162,25,1833,215,57,176,585,0,1,27.24335454934009,low,1
33,458,319,195,1484,4601,31,8,1982,1,1,59.65629232258629,medium,2
5,136,496,33,204,3460,80,185,2858,1,0,65.22100436164023,high,3
41,929,280,51,1189,3821,99,172,1781,1,1,61.72374261688115,high,3
28,587,279,111,1205,3632,59,149,2971,0,0,53.118852765032734,medium,2
7,994,11,81,856,3609,82,159,2687,0,1,19.84358022688769,low,1
73,546,273,179,1074,2561,57,196,2825,1,1,61.84242287312109,high,3
72,512,270,156,1096,4318,98,196,2359,0,0,66.74732096419542,high,3
12,295,491,165,32,319,55,41,2738,0,1,55.55544290988862,medium,2
34,319,207,41,369,2718,27,52,3001,1,1,38.059028260544935,low,1
33,917,26,20,1108,2001,0,186,1025,1,0,22.748293579068246,low,1
48,571,71,41,569,281,41,73,1989,0,1,20.663270560730826,low,1
23,831,59,140,681,3652,81,38,1631,1,0,26.451085389277683,low,1
62,348,429,112,1858,4096,47,121,2823,0,1,80.00198256373814,high,3
88,839,472,104,1151,1832,39,14,1510,1,1,88.02690815322899,high,3
37,778,144,191,1645,3283,96,198,2164,1,0,41.80840710015294,medium,2
99,872,92,16,1413,4548,62,156,1132,1,1,58.43119023342757,medium,2
44,228,308,119,1962,4359,75,122,3306,0,0,60.249226928880034,medium,2
86,269,7,136,1953,530,71,110,2868,0,0,23.91942230152477,low,1
91,827,78,168,688,986,87,130,3438,1,0,40.88159073705025,low,1
35,797,26,128,1323,3732,79,82,3355,1,1,27.8658505970864,low,1
65,290,173,129,449,3561,3,9,2381,1,1,45.18864608919992,medium,2
99,724,49,59,1701,4115,37,91,1433,0,0,49.669401059770436,medium,2
47,164,499,47,942,2783,26,28,2207,1,1,74.72300430499556,high,3
78,4,198,28,16,2562,8,34,2673,1,1,44.94195207860223,medium,2
3,850,386,96,1229,2842,15,5,1329,1,1,56.57742876931714,medium,2
1,378,348,9,430,3917,55,139,1752,1,0,50.48278323626496,medium,2
5,77,447,57,1601,162,75,110,2635,0,1,47.837187102521725,medium,2
90,409,427,187,842,2974,30,37,928,0,0,81.90366671301231,high,3
14,573,180,20,1226,2926,87,76,1236,1,1,33.45106414752335,low,1
27,131,23,27,568,2810,13,92,3369,0,1,13.26724572976369,low,1
9,600,315,33,1181,1762,24,146,3423,0,0,45.41240866045636,medium,2
79,748,377,7,1820,2620,33,66,1565,0,1,77.28757601973297,high,3
15,41,386,186,1702,3885,66,135,107,1,0,55.90454792397255,medium,2
90,88,403,199,1235,1114,23,7,2861,0,1,69.5485129484585,high,3
42,401,45,176,1477,2546,72,121,3440,0,0,23.870920295788213,low,1
77,295,14,78,923,4209,25,83,2751,0,1,33.86347602642732,low,1
51,839,152,144,1452,3864,19,174,1562,1,1,48.980234869434014,medium,2
63,294,221,187,1460,3504,63,131,267,1,1,52.02655991719578,medium,2
96,615,205,86,1016,1924,9,178,1187,0,0,58.25036175351327,medium,2
52,525,454,87,1512,3082,82,84,2026,0,0,77.35136565169705,high,3
96,799,272,172,1508,1016,66,194,1245,1,0,65.92594094534819,high,3
4,690,381,68,135,416,23,44,3457,1,1,45.71233579480207,medium,2
94,636,235,159,404,176,4,135,307,0,0,53.76629178188709,medium,2
23,421,339,171,826,518,66,86,3119,0,0,44.63674669014846,medium,2
15,864,227,192,890,1671,57,15,553,1,0,36.871742931001634,low,1
43,22,8,86,1839,3674,26,76,209,1,0,18.25662807104273,low,1
29,574,165,100,585,3499,79,194,152,0,0,38.29215651439549,low,1
36,142,431,7,334,4868,14,8,1299,1,0,69.29366017312675,high,3
13,992,443,76,1425,690,34,59,1787,0,0,61.18882052906131,high,3
32,664,318,199,939,2534,75,77,3474,0,0,54.9136200841431,medium,2
71,144,213,86,1721,2130,52,76,3152,0,0,47.303439748085665,medium,2
59,224,116,42,1661,4687,43,70,1124,1,0,41.60055975241126,low,1
86,502,385,128,1473,4367,25,14,509,0,1,82.19171777561496,high,3
28,961,343,108,1237,1373,46,70,3120,0,1,56.28572476865799,medium,2
66,973,71,178,1519,1341,33,101,1827,1,0,35.80043436169172,low,1
42,820,394,151,842,2302,86,168,2161,1,1,68.44334631011418,high,3
45,615,63,151,1064,1548,94,21,3256,0,1,24.20288707625919,low,1
62,103,204,16,1421,3418,49,151,2642,0,0,48.025047890500694,medium,2
57,946,208,132,1658,570,83,112,2696,1,0,46.788986987172564,medium,2
6,38,71,147,1910,1109,11,171,2434,1,0,7.855055923745964,low,1
28,946,276,20,1467,1913,86,0,845,1,1,48.9162843150886,medium,2
28,197,273,57,846,184,3,9,2724,0,0,33.53525873744162,low,1
44,645,477,158,935,2166,86,109,472,0,1,75.0597504801924,high,3
84,578,319,109,1409,2240,47,199,3170,0,0,70.14370046809103,high,3
30,390,337,138,1377,4297,54,183,2600,1,1,61.1485738414876,high,3
62,178,365,179,452,4170,0,112,172,0,1,68.1368213581334,high,3
75,967,494,142,1612,3930,88,49,221,1,0,96.16998295510139,high,3
92,553,94,134,84,1507,65,11,1440,0,0,38.86293210877839,low,1
89,447,165,27,566,3864,29,88,407,1,1,54.63958536095534,medium,2
62,499,31,50,1805,3181,2,187,2658,0,1,32.456756937685704,low,1
97,14,10,185,1699,1577,20,153,564,0,0,27.661849294258804,low,1
1,622,300,4,1188,1161,88,111,1746,1,0,38.55730832213313,low,1
27,668,216,4,1463,378,83,77,3394,1,1,34.61902269906742,low,1
62,288,288,93,372,4956,48,168,1062,0,0,63.94517953788243,high,3
77,477,101,95,457,52,85,163,3372,1,1,32.22253441164202,low,1
3,230,424,7,1267,1917,84,120,1440,1,0,51.870754867580196,medium,2
70,922,391,63,1596,3500,61,22,2170,0,0,80.79034130993392,high,3
72,419,266,137,1851,2545,96,170,2019,1,0,59.467321170176064,medium,2
27,156,213,37,271,4183,37,133,2606,0,1,40.60676749419392,low,1
9,549,178,110,1860,2883,14,196,1207,0,0,33.341878311782615,low,1
62,440,87,111,134,1834,51,170,434,1,1,30.77534334399283,low,1
37,96,40,80,920,1303,78,24,2917,1,0,11.948213246615481,low,1
97,996,400,135,254,4779,45,17,1202,0,1,93.265768462303,high,3
51,410,75,103,551,4806,24,189,918,0,1,37.0667486727122,low,1
44,950,376,152,1971,4864,20,140,3368,0,0,78.74068903101555,high,3
24,288,45,72,494,3396,87,42,451,0,1,17.266681857739474,low,1
79,253,159,193,131,2982,4,77,1671,0,1,45.31842998975247,medium,2
59,195,462,177,134,3932,69,27,501,0,1,76.74542851699084,high,3
32,597,79,194,1582,1002,46,145,2970,1,1,22.160782057025745,low,1
96,833,309,48,179,2396,86,58,576,1,0,72.1610878095503,high,3
88,521,85,35,133,2250,67,187,660,1,0,40.8062951548202,low,1
52,516,91,125,1902,1486,90,62,3627,0,0,29.693172513942308,low,1
62,634,147,67,1068,3417,17,184,3604,1,1,47.96344680292287,medium,2
58,841,160,77,1120,399,20,91,1067,0,1,38.204856122517285,low,1
52,864,201,104,655,1009,91,178,2855,0,0,44.67160247794721,medium,2
12,117,423,168,1741,4630,98,55,1859,1,0,62.55823780980777,high,3
39,805,415,121,795,1865,85,154,393,0,1,67.46551755212599,high,3
2,908,241,118,210,668,22,159,2196,0,0,33.043447755583365,low,1
3,158,352,189,378,2773,63,110,3339,0,0,44.97421701606134,medium,2
56,814,1,113,806,3673,66,136,575,0,1,30.16169802722034,low,1
81,227,224,9,86,4996,39,67,3270,0,0,60.61942886715794,medium,2
59,876,288,148,68,1491,9,45,2599,0,1,56.51157933087186,medium,2
2,215,232,163,440,3741,88,66,663,1,0,33.418187705015114,low,1
2,947,460,139,647,461,51,153,1966,0,1,58.92633230857962,medium,2
92,695,413,90,1533,2485,71,135,1710,0,1,84.75620902916174,high,3
54,14,416,1,1946,3232,74,5,992,0,1,67.30823201660203,high,3
87,156,76,117,118,1547,60,23,3035,0,1,31.510259767344856,low,1
96,647,115,12,1769,3103,63,175,912,1,1,53.087006225765094,medium,2
97,260,153,180,1017,892,4,93,2857,1,0,44.2270222150129,medium,2
1,156,405,159,1311,4418,52,172,900,0,0,57.42613340851627,medium,2
19,46,102,94,77,4078,54,12,545,0,0,21.18412803242136,low,1
2,323,193,143,1102,4945,36,196,3015,0,1,37.41038232583049,low,1
53,843,165,31,1198,2576,55,24,1450,1,0,44.44730886283234,medium,2
44,684,358,31,1522,3287,58,147,895,1,1,66.82004178832399,high,3
90,129,89,123,314,384,92,117,2183,1,1,30.621662469810964,low,1
32,410,173,10,1942,4556,68,81,1138,1,0,42.554250153198105,medium,2
70,94,121,9,683,3707,72,110,243,0,1,39.47503257068999,low,1
32,626,497,14,374,3072,58,81,3222,1,0,76.75186541224451,high,3
68,754,142,16,1887,4700,1,65,3233,1,1,54.51417854917532,medium,2
55,931,481,167,830,3260,64,44,2927,0,1,85.87857827007153,high,3
75,291,105,145,1412,4605,59,113,2274,0,0,46.02938507052262,medium,2
56,793,374,182,352,4569,50,174,48,1,1,76.69243677681482,high,3
17,810,427,152,956,122,29,62,671,1,0,55.52807001282229,medium,2
38,282,304,58,908,3207,10,75,3113,1,1,52.85677457477871,medium,2
24,68,359,77,1587,2388,91,113,1134,1,0,50.35436717595382,medium,2
69,659,458,123,1387,1934,75,110,359,0,1,80.02304730345585,high,3
98,10,316,113,1449,149,38,182,895,0,0,58.97634698470079,medium,2
70,253,450,21,1142,1434,89,146,803,1,0,73.12341974221522,high,3
86,841,122,157,1596,2959,76,34,421,1,1,50.72635535266462,medium,2
11,871,389,171,771,3178,71,52,666,1,0,60.45211786727638,medium,2
16,549,8,31,1530,526,62,25,2384,1,1,5.220482973124672,low,1
97,133,261,178,350,2626,63,13,3368,1,1,60.03305989402296,medium,2
73,711,72,173,951,897,60,117,3548,0,0,33.34701173574742,low,1
59,22,358,112,392,3114,53,44,3542,0,0,61.03589599007173,high,3
70,814,222,119,1013,59,91,171,2972,0,0,48.865465027060715,medium,2
80,345,415,148,1566,3961,93,192,2729,1,0,83.59343217829687,high,3
93,301,40,121,309,3570,72,50,2918,1,0,38.380036226846485,low,1
3,362,369,31,148,28,94,170,1055,0,1,39.45208503911057,low,1
20,395,203,118,368,4831,57,118,2597,0,0,42.34365103273548,medium,2
59,217,263,38,845,1483,84,150,1704,1,1,47.721982769718785,medium,2
36,140,327,11,1532,4071,55,183,2713,0,0,58.10361663396724,medium,2
19,615,177,174,1418,2616,33,18,3410,1,0,34.15310412836713,low,1
90,957,347,17,1637,461,30,81,769,1,0,71.54538268629663,high,3
67,209,317,148,1992,3775,51,75,1575,0,1,64.76461239591542,high,3
19,984,83,140,1313,2448,88,182,498,0,0,27.660578007446208,low,1
20,992,317,148,1670,4320,75,91,2289,0,1,62.11983696631702,high,3
96,622,110,125,492,1559,0,187,1165,1,1,45.48685135406528,medium,2
71,615,250,135,918,3484,54,186,1061,1,1,61.748106265416375,high,3
52,827,382,45,1144,137,21,32,2881,0,0,61.294224688840494,high,3
33,682,6,103,875,4865,39,146,2554,1,1,27.53874367253196,low,1
40,459,458,134,148,2771,0,27,903,1,0,69.85107920985824,high,3
39,355,83,150,1005,4466,64,122,489,1,1,32.30492667088927,low,1
82,323,207,85,444,4674,62,179,2330,0,0,60.34273892467804,medium,2
1,132,387,149,518,1425,53,125,1579,1,1,43.33406392094464,medium,2
11,887,389,88,282,211,41,176,781,0,0,51.04427360924443,medium,2
92,804,313,21,1132,2379,20,36,1491,0,0,72.15249455438664,high,3
57,839,21,91,1797,527,78,153,1807,1,0,23.771776016643237,low,1
89,126,409,28,1883,1351,80,98,3058,0,1,73.13494178471933,high,3
50,105,382,12,113,4786,21,97,883,1,1,67.6361435530632,high,3
23,603,2,1,1247,1998,37,126,2313,0,0,13.107111868089996,low,1
31,798,126,28,1794,3555,98,167,1359,0,1,38.67709894280433,low,1
94,377,296,179,1697,4530,79,79,507,1,1,74.27689527943849,high,3
42,904,187,26,771,3812,7,37,2756,0,1,48.94513769806327,medium,2
99,50,361,49,796,3285,61,76,3121,0,1,74.84096041051944,high,3
7,28,13,94,174,3664,46,125,2293,0,1,7.597049069739899,low,1
16,461,458,150,1008,2444,16,86,2932,1,1,64.08888322442108,high,3
90,295,465,87,1886,4883,16,53,164,1,1,93.0421185367135,high,3
60,296,11,43,529,217,89,149,2982,0,0,14.789668010690395,low,1
2,725,86,21,1317,2643,12,15,1182,0,0,18.92807670719336,low,1
1,778,11,170,526,4127,16,27,439,0,1,14.707774610825313,low,1
48,406,396,164,666,163,37,162,1475,1,0,57.48197347484204,medium,2
12,768,24,188,622,3376,80,187,1347,1,0,18.9858800265715,low,1
69,813,300,96,173,4324,77,172,1299,0,0,71.24019339008102,high,3
37,612,242,183,1919,4774,44,45,1609,1,1,55.02996696585357,medium,2
32,404,121,2,1692,1528,5,71,115,1,1,25.02220728862524,low,1
9,345,146,190,73,2610,34,182,2633,1,1,24.53688147873508,low,1
99,621,54,117,1124,2205,13,84,1895,1,1,41.82168319661369,medium,2
19,419,237,18,1150,4508,71,25,3476,0,1,45.35545822969932,medium,2
48,181,355,22,1899,4701,60,84,1499,1,0,66.55511527192022,high,3
80,982,172,156,276,3564,14,152,407,1,1,58.45746885830077,medium,2
3,824,391,29,1855,2424,53,64,3491,0,0,57.39307995138857,medium,2
20,0,220,38,1718,2859,26,133,1710,0,1,34.28613866102279,low,1
24,830,118,107,1592,1752,12,150,1104,1,0,29.18423939070924,low,1
54,949,308,110,1173,1316,30,114,271,1,1,59.0515781979783,medium,2
33,566,182,24,255,3859,34,63,3395,0,1,41.814586519596475,medium,2
24,370,287,127,1694,4178,59,86,949,0,1,51.50127708001833,medium,2
75,935,306,110,1791,4586,5,170,1616,0,1,78.1016340702291,high,3
72,910,299,135,404,4665,68,106,2343,1,1,74.29453237243361,high,3
36,660,81,105,1520,4850,85,150,3221,1,1,37.93835256677635,low,1
38,430,453,185,485,4205,57,95,2789,0,0,75.1323425664159,high,3
84,968,401,143,1550,2565,48,157,1301,1,1,84.69153432410025,high,3
99,308,210,71,986,2315,22,76,99,0,0,55.90667209940626,medium,2
89,136,149,128,1217,4518,88,145,2134,1,1,53.40159338905111,medium,2
99,201,36,107,1053,1098,33,86,1435,0,0,30.54655999443853,low,1
25,435,351,4,1970,2652,25,148,2116,0,0,56.06831863146457,medium,2
93,312,311,2,567,1187,46,56,2037,1,0,62.03638261935291,high,3
18,116,360,192,1027,4926,4,102,830,1,0,57.33312027210044,medium,2
82,665,58,131,1557,4767,89,150,3544,1,0,48.60081207870521,medium,2
66,936,130,103,1615,3004,19,90,1071,1,0,47.897693917906416,medium,2
54,802,411,63,1562,569,5,44,2809,1,1,67.24339638915924,high,3
35,574,201,105,892,2974,69,171,854,1,0,42.80821785543249,medium,2
80,243,242,97,156,1281,58,87,785,0,1,49.11194983856267,medium,2
61,536,34,9,675,1823,63,114,2429,1,1,25.964311277955446,low,1
41,601,444,148,1337,2925,17,46,2025,0,0,72.63331453759922,high,3
33,74,92,127,629,619,3,167,1869,0,0,15.155090554242431,low,1
68,805,437,45,1781,2471,16,178,1351,1,1,82.5097004011473,high,3
33,385,446,154,829,4130,13,169,2360,0,0,73.1840070187906,high,3
14,902,206,65,873,293,77,134,1639,0,0,31.369919358576272,low,1
21,209,352,168,591,2938,12,49,139,1,0,50.00358856910394,medium,2
48,474,390,111,1032,4406,6,175,1046,1,0,72.97372974309063,high,3
20,417,331,12,704,1101,43,83,3281,1,0,44.75584534457988,medium,2
8,346,304,136,1795,826,14,90,1991,0,0,37.14659835833424,low,1
7,528,349,163,1261,92,18,133,2621,1,0,41.82979368463332,medium,2
67,639,212,85,1135,1930,62,90,1799,1,1,50.27940953072459,medium,2
17,938,158,89,1620,3501,34,136,54,1,0,38.79042048374554,low,1
33,954,441,57,1450,3154,80,108,872,1,1,75.49274433167005,high,3
48,875,444,53,1991,2103,34,56,2868,0,1,76.22677568192466,high,3
76,762,23,11,1249,4723,18,30,767,1,1,41.10504755578213,low,1
59,178,403,13,416,185,19,20,2134,0,1,57.18423488488257,medium,2
86,181,292,120,408,2714,99,89,209,1,0,61.203705849335456,high,3
22,663,3,161,1956,4947,34,39,261,0,1,23.237787278635174,low,1
30,24,219,180,724,379,31,111,1947,0,1,27.297569299614306,low,1
38,966,363,120,713,1828,47,44,372,0,1,61.428852353071434,high,3
51,179,381,19,770,2111,43,76,506,1,1,59.65819120668613,medium,2
54,709,19,74,508,4795,23,176,1852,0,1,34.94035251013167,low,1
8,500,443,143,1787,3500,60,86,2653,1,0,64.92360370868157,high,3
27,855,151,69,1498,1789,16,147,484,1,0,34.020777654189395,low,1
27,160,49,55,1724,1374,70,100,1285,1,1,12.441456437667682,low,1
98,176,176,100,1982,4472,49,116,318,1,0,59.439095384488624,medium,2
21,284,434,185,983,3352,64,91,1266,1,0,63.29307377196913,high,3
30,62,95,131,1764,4749,98,144,2335,0,1,30.312289191680446,low,1
97,661,104,110,91,3686,31,27,559,1,1,50.48413498426822,medium,2
28,665,419,124,613,2436,35,168,2764,0,1,65.78634077953379,high,3
64,155,249,131,1980,82,12,193,3006,0,0,44.020059940368604,medium,2
97,881,116,19,1720,2972,69,24,2306,0,1,54.34387439300078,medium,2
69,468,353,137,1784,869,57,57,3327,0,0,62.43159189569141,high,3
61,48,227,23,781,3866,13,40,625,0,0,48.661045326041624,medium,2
48,966,65,153,912,4148,36,133,464,0,0,38.78493303054178,low,1
19,848,334,36,374,2434,78,74,911,0,1,53.31928159099453,medium,2
4,83,417,53,172,1074,67,37,3098,1,0,44.91662289577894,medium,2
35,360,419,102,1081,2227,39,133,1811,0,1,63.35453002940375,high,3
64,688,261,148,520,4027,58,172,431,1,1,62.92095685735327,high,3
49,147,294,37,1362,2269,79,74,2699,0,1,50.35056940775414,medium,2
17,629,425,173,1873,3761,91,141,2165,0,1,68.47752622391127,high,3
44,341,242,3,125,2096,15,65,2661,0,1,42.87173391934828,medium,2
92,475,370,187,950,378,61,167,1595,0,0,69.29024861864228,high,3
30,62,185,56,1882,2814,3,2,338,1,0,31.89333549613014,low,1
93,700,245,172,346,160,44,116,2983,1,0,55.97144335789653,medium,2
46,359,124,19,890,1144,89,98,372,1,0,27.003290540853698,low,1
6,560,267,16,746,2794,27,151,465,0,0,40.65543042231183,low,1
99,326,130,118,1897,4174,95,18,206,0,1,53.75375592838053,medium,2
37,768,236,70,849,2356,65,145,168,0,1,47.031448739140956,medium,2
24,735,17,3,156,4907,30,191,223,1,0,25.833465289686036,low,1
93,140,39,13,1608,2260,2,115,3287,0,0,34.10411935548656,low,1
46,989,20,2,1839,70,7,124,3319,1,0,20.770621881324256,low,1
53,214,398,79,1356,3020,23,87,3265,1,1,67.56284340836179,high,3
95,434,224,185,452,3911,14,34,1214,0,1,62.77825088957892,high,3
99,890,354,54,846,1347,42,189,972,0,1,77.75104857023682,high,3
60,951,281,131,1046,1194,30,0,554,1,0,55.77939858800266,medium,2
97,722,7,119,952,4436,72,152,1654,1,0,45.22250415823434,medium,2
63,317,99,23,1527,1561,44,172,3143,1,0,32.54471711132739,low,1
85,31,239,161,1734,4443,65,176,2992,0,0,62.43184937150156,high,3
32,669,477,157,296,1639,7,125,2287,0,1,69.98168381455562,high,3
87,284,86,81,729,1337,70,88,770,0,0,34.142193590912136,low,1
33,304,297,146,1147,1536,56,143,891,0,0,45.18251494647079,medium,2
67,428,427,158,489,1683,79,146,3376,0,0,72.47606118655153,high,3
18,476,13,187,31,1371,98,150,983,0,1,7.713460320402903,low,1
25,285,333,59,1382,1583,29,24,1332,1,1,46.142062921938496,medium,2
95,143,1,146,1759,2696,73,15,1304,1,0,30.22246231841518,low,1
54,423,374,48,692,4380,17,181,3411,1,1,72.65648736051247,high,3
58,18,292,62,1868,2376,68,72,1773,0,1,51.893348369920645,medium,2
67,17,324,109,1599,3767,92,128,2910,1,1,63.952581967424166,high,3
46,768,421,149,915,2444,38,41,2217,0,1,71.23256566920537,high,3
24,589,492,151,1843,2003,59,146,821,0,1,71.3295214039641,high,3
32,370,40,108,329,879,97,161,575,1,0,12.365661996055476,low,1
47,174,317,75,135,1024,42,79,1874,0,0,46.68771853259388,medium,2
86,193,315,29,286,1921,44,103,1046,1,0,61.54239918534654,high,3
23,501,380,57,1237,612,22,182,1957,1,1,52.07826427832105,medium,2
66,987,110,116,203,3831,68,145,1583,0,1,48.21401904291092,medium,2
27,112,13,158,1714,700,93,33,86,1,1,4.088522758286858,low,1
2,113,230,99,1697,503,5,88,2189,1,1,22.858605871478375,low,1
90,221,472,191,1580,499,55,124,34,1,0,77.91905153635815,high,3
17,677,83,18,705,2566,3,44,3511,1,0,22.575720417316795,low,1
33,946,129,175,1319,4495,92,133,1467,0,0,43.68685405756129,medium,2
9,830,230,172,66,304,22,20,3283,1,0,30.214464476062467,low,1
43,643,325,93,1767,4037,5,121,3114,1,0,65.44906356047849,high,3
48,896,144,182,1336,2853,31,69,1392,1,0,42.7828403958948,medium,2
39,263,378,112,1196,2922,17,95,1850,0,1,60.72393186160161,medium,2
93,924,344,182,28,1727,14,104,1312,1,1,74.76152912308889,high,3
42,54,27,145,1403,2606,39,47,2167,0,0,16.525586014943894,low,1
26,870,65,62,273,4754,95,38,2693,1,1,32.30003463049647,low,1
99,642,162,115,803,1883,72,30,2968,1,0,52.89586262120673,medium,2
50,799,228,112,122,4673,73,9,2775,1,0,56.82666535354003,medium,2
25,777,260,46,1521,3268,83,29,1303,0,1,49.438429165829874,medium,2
24,457,448,56,1360,2827,5,17,3356,0,0,66.18832488812676,high,3
13,978,423,117,551,454,62,187,2975,0,0,58.702473183894384,medium,2
60,877,459,44,656,3651,66,87,3048,0,0,85.78712608075473,high,3
7,161,439,160,588,4468,10,124,1161,0,1,62.146807557429995,high,3
57,379,163,144,1098,751,42,72,697,0,1,33.70871697229046,low,1
36,992,300,197,1325,2051,16,14,2671,1,1,55.69716725113677,medium,2
45,86,406,3,34,689,95,3,2666,0,1,53.643298805827186,medium,2
20,54,302,147,1582,2477,3,190,2562,1,0,43.991110003965126,medium,2
65,475,286,46,10,3707,62,167,3059,0,1,62.65076817907958,high,3
8,799,394,142,920,1368,67,8,3049,0,1,53.35893286575726,medium,2
16,177,9,197,1582,72,80,108,1311,0,1,0.0,low,1
14,390,194,46,150,2569,40,136,2716,1,0,31.54620982733672,low,1
76,348,117,77,1777,3779,82,153,1026,0,1,46.0471026247084,medium,2
87,7,269,123,657,4361,4,131,1956,0,1,63.903983408258796,high,3
15,832,79,74,1934,144,31,15,311,1,0,14.87685575690164,low,1
92,312,457,102,197,3654,85,142,3063,1,0,88.49384053493173,high,3
98,758,92,136,1161,4980,69,98,3189,1,0,57.94668512768226,medium,2
66,834,265,89,210,4927,34,120,1257,1,0,68.0971861756088,high,3
32,983,331,143,1160,2145,21,51,2093,0,1,58.38571356846024,medium,2
87,982,349,68,266,3288,64,68,3252,1,0,80.19174223581695,high,3
63,442,360,60,1709,832,83,4,965,0,1,59.64380474579414,medium,2
86,766,256,137,556,3084,21,19,283,0,1,64.52617370348055,high,3
51,327,132,49,203,2991,10,78,1241,1,1,34.8412082309867,low,1
25,53,275,2,712,130,76,145,358,0,1,31.74470758472241,low,1
58,760,263,106,1137,1647,2,110,2621,1,1,54.55333096455589,medium,2
63,238,170,112,1568,934,8,1,2860,0,0,35.63716251358185,low,1
62,228,459,93,1298,654,59,92,3074,1,1,69.1272020618663,high,3
22,578,0,117,811,2042,75,12,1450,1,1,10.428204801408913,low,1
58,50,312,197,951,2771,86,3,1570,1,1,54.116394514735354,medium,2
58,608,63,80,1417,2078,13,169,3560,1,0,32.05749241733739,low,1
86,603,373,108,1293,251,96,108,3431,1,1,69.35487504698935,high,3
49,263,467,50,423,2678,17,73,2922,1,1,72.49323160464074,high,3
52,417,283,146,1391,812,72,188,1222,0,0,48.815595181082735,medium,2
42,802,120,169,1108,4174,22,94,1746,0,1,41.89237639873733,medium,2
70,95,106,34,1388,205,73,104,2443,0,1,26.848692409098163,low,1
15,87,420,45,1617,2197,82,7,1231,1,0,53.24841137425138,medium,2
54,77,174,153,1804,3525,46,66,684,0,1,41.103003841539085,low,1
60,287,484,68,919,2340,68,190,1415,1,1,78.28363728352721,high,3
97,119,203,92,197,2369,46,109,789,0,1,52.20865968392269,medium,2
8,813,164,63,1718,4851,86,8,2716,0,1,39.60957977373025,low,1
53,490,304,164,1323,3616,29,116,1828,1,1,61.70245258582956,high,3
60,911,496,48,54,286,24,10,1093,0,0,76.43317472823428,high,3
5,451,119,148,1606,70,27,98,3001,0,0,13.299172730222,low,1
68,499,43,73,92,3400,97,41,445,0,0,31.901928751293816,low,1
6,164,311,191,1156,1923,24,140,3456,1,1,39.5352658180264,low,1
96,181,155,4,367,3937,73,163,284,0,1,53.20206572842482,medium,2
94,468,366,99,1561,2601,77,119,1196,1,1,77.30273490805538,high,3
47,909,206,69,1099,576,57,140,1906,0,0,42.56295605402873,medium,2
99,734,389,89,945,3945,93,11,2787,0,1,87.79532475423935,high,3
55,822,107,3,1690,1581,40,36,2654,0,1,35.57438669262023,low,1
40,943,250,125,384,4727,24,73,929,0,1,58.82165229951646,medium,2
52,977,444,38,171,1210,77,72,2088,1,0,73.25153005000182,high,3
16,6,403,162,1779,4419,98,51,55,0,0,58.694250050207785,medium,2
13,329,369,128,1413,2864,47,198,3034,1,1,54.50651864382341,medium,2
30,774,333,23,1689,2905,97,129,450,1,1,59.32416461973398,medium,2
19,672,129,56,1391,1246,9,55,1274,0,1,24.071300845035612,low,1
17,150,456,99,1221,146,98,59,1906,0,0,51.88094125431917,medium,2
63,84,292,69,331,1039,74,22,2573,1,0,47.289777437909706,medium,2
19,146,19,40,459,2166,10,102,1290,1,0,7.674822856642621,low,1
92,623,281,181,1507,2604,84,39,2314,0,1,67.85940726493745,high,3
58,380,284,173,1046,671,20,63,1038,0,0,47.830685838315496,medium,2
55,914,0,59,193,2482,85,84,248,0,1,25.291736185135406,low,1
90,547,118,107,120,2687,44,150,1540,0,1,46.94908866436998,medium,2
90,284,34,187,1960,2318,6,156,1989,0,0,35.00911464367923,low,1
62,699,197,56,517,96,80,178,2538,1,1,41.835973104076885,medium,2
23,81,484,30,1323,2522,63,196,692,0,0,65.83371632860094,high,3
9,513,244,83,304,2952,63,88,2712,0,1,38.361900274469214,low,1
12,896,58,151,1484,2783,1,30,3245,1,1,22.231668366007014,low,1
1,814,324,35,913,2514,75,177,1019,0,0,48.55995388608241,medium,2
58,708,160,157,1248,3320,41,19,218,0,1,45.96796099756428,medium,2
1,915,496,151,983,1710,81,182,284,1,1,67.14027732719512,high,3
34,522,178,107,641,3680,53,129,97,0,1,40.657989088175164,low,1
96,745,205,105,1927,2710,74,152,645,1,1,63.25532138130624,high,3
48,385,11,157,1600,3639,15,12,2413,0,1,23.895155206418362,low,1
89,706,489,85,1060,4600,17,121,2748,0,1,100.0,high,3
1,470,275,134,1663,1657,98,102,2898,0,1,36.40592091373016,low,1
16,118,180,162,742,3328,58,105,903,1,1,29.775049821569265,low,1
61,395,241,182,1264,3697,89,118,3510,1,0,56.25735415282735,medium,2
64,531,215,13,1598,606,15,69,2377,1,0,44.24052360280752,medium,2
63,260,250,119,1840,4555,5,194,1655,1,1,60.371012987079865,medium,2
69,804,298,137,330,494,56,185,386,0,1,57.50387501094273,medium,2
22,933,125,79,922,655,46,98,285,1,0,25.101590299341378,low,1
93,255,481,143,1266,3099,47,81,1037,1,1,88.92723669236275,high,3
67,733,216,181,1703,4767,41,74,2430,1,0,62.475346691178366,high,3
76,904,305,105,446,4863,75,117,1785,0,0,76.68291017183937,high,3
26,225,284,69,790,4394,59,83,3622,0,0,50.498440983969566,medium,2
16,52,184,43,1566,730,76,191,2601,1,1,22.838490573810596,low,1
51,939,38,72,1436,4743,3,68,3027,1,1,39.068269067371126,low,1
86,866,222,44,1086,508,1,58,2833,0,1,54.52993285030871,medium,2
57,499,183,183,1820,4739,89,187,313,1,0,53.5978865098124,medium,2
29,505,494,106,1346,1683,58,125,3413,1,0,70.92204984216733,high,3
78,853,426,83,1314,3077,26,110,128,1,0,85.05409244926442,high,3
92,363,177,81,735,124,26,61,226,1,1,42.58612887694201,medium,2
69,279,406,106,40,2989,78,143,2559,0,0,72.62309596638397,high,3
47,592,427,184,346,4779,71,127,907,0,0,78.2540597498365,high,3
94,713,293,20,192,1746,6,104,3327,0,1,67.4347813772896,high,3
62,157,339,195,1056,3621,62,67,1898,1,0,63.63744766804158,high,3
69,631,150,177,553,2263,45,14,2692,1,0,43.31518772561318,medium,2
76,58,383,160,1479,2304,62,182,2695,0,1,69.21784963927638,high,3
16,726,125,6,1107,3640,11,34,1418,0,1,31.257675997590013,low,1
90,127,300,69,1043,156,12,182,2445,0,0,56.16833189146879,medium,2
90,735,307,126,1517,3992,42,13,599,1,1,75.74672812614256,high,3
48,720,335,142,1489,3463,16,176,2667,0,0,67.09079369493237,high,3
85,881,433,159,1599,4517,62,101,3176,1,1,94.60475532073762,high,3
39,114,233,147,1597,2420,80,99,1095,1,0,40.44586120508978,low,1
33,208,379,142,669,146,35,6,451,0,1,46.53516411508139,medium,2
94,525,374,175,169,3370,84,29,2913,0,0,79.36487476376595,high,3
23,520,7,198,1915,3015,7,48,1234,1,1,15.942194105863758,low,1
10,551,497,148,1047,3562,68,143,574,0,1,71.80332517135015,high,3
69,961,340,169,1211,28,89,110,100,0,1,62.701651836059995,high,3
34,236,128,153,421,2252,79,178,3206,1,1,27.768556925326866,low,1
52,280,263,119,1911,458,35,71,1253,1,1,42.973050650641376,medium,2
95,358,156,127,1021,1958,27,79,3202,1,1,48.91012098788319,medium,2
10,200,351,141,62,955,92,82,797,1,1,39.59812210017869,low,1
19,757,357,56,417,4246,46,41,2384,1,0,61.47494052308785,high,3
58,277,4,164,856,1930,75,16,1736,0,0,17.614467308296383,low,1
96,234,494,57,1055,2987,29,190,2454,1,1,92.1826803746788,high,3
1,493,85,20,1063,4198,22,172,684,1,1,22.774813587513457,low,1
69,3,174,81,712,4025,15,6,2755,1,0,45.07994302060321,medium,2
4,665,289,68,269,248,13,154,2476,0,0,35.03545763750496,low,1
16,441,192,130,1238,214,73,9,1826,1,1,23.756745866225877,low,1
24,28,310,86,1092,2617,70,33,250,1,0,43.12953157425859,medium,2
80,108,118,164,1504,4350,51,35,211,1,0,44.56307642396997,medium,2
2,609,217,48,785,4937,36,152,336,0,1,41.80979103263248,medium,2
92,726,426,146,1499,3398,28,5,2599,1,1,88.64288684453095,high,3
32,804,457,114,1045,2982,66,151,1449,1,1,74.92544466072412,high,3
91,74,413,88,1664,4400,14,145,1043,1,0,83.97296761469262,high,3
84,837,113,84,1960,2697,99,133,2081,0,1,50.177513478858664,medium,2
24,145,465,127,1323,4961,46,28,2940,0,1,72.0514513911418,high,3
12,127,144,139,859,4176,45,125,877,0,0,27.71207316947573,low,1
50,852,25,188,1793,1358,51,152,833,0,1,24.937288547990914,low,1
35,41,135,168,363,4410,18,182,3382,1,0,34.175810276374534,low,1
33,355,302,160,1672,826,76,80,244,1,0,43.59396965905053,medium,2
33,40,231,177,1108,830,20,173,3049,0,0,32.84103958433105,low,1
61,933,368,116,882,202,63,151,1473,0,0,64.40403361604177,high,3
51,33,75,195,1749,1786,36,74,130,1,0,21.797692888003173,low,1
43,16,474,126,1594,3655,26,25,3040,1,0,72.88597876854469,high,3
12,676,327,70,1624,4634,54,126,3622,0,1,59.12568295458641,medium,2
67,152,344,85,1474,260,28,114,602,0,1,54.415710144031976,medium,2
65,997,301,32,1000,1798,19,125,1362,0,1,63.94070589568109,high,3
33,377,451,80,1274,3710,24,27,687,0,0,70.5134196392249,high,3
40,587,288,151,1027,2473,69,130,3016,1,1,53.31541945384231,medium,2
74,598,0,60,1894,1177,62,74,1563,0,0,24.805718409005475,low,1
43,628,146,60,1187,3903,35,165,3164,0,1,43.6245127270293,medium,2
44,873,286,97,1819,1106,1,188,1686,1,0,53.92230603059842,medium,2
29,341,463,27,1129,2689,21,77,255,1,1,67.12272069539067,high,3
13,980,141,185,1759,1857,95,178,134,1,0,31.000666862348286,low,1
12,26,52,42,303,3914,15,89,2027,1,1,14.206243917133985,low,1
95,824,303,168,218,514,17,175,801,1,0,65.91696147646927,high,3
46,286,68,166,1376,1631,68,20,3526,0,1,21.953240461808615,low,1
2,645,360,85,1121,2482,53,53,3356,0,0,50.52442994855634,medium,2
35,730,89,176,827,2556,99,183,458,0,1,29.947832182416462,low,1
87,167,445,16,1809,1397,29,102,463,1,1,76.60397774379096,high,3
81,609,219,97,1970,3004,44,58,1260,0,1,59.01863738651754,medium,2
90,267,449,197,399,3826,18,71,3129,1,0,86.46869673469178,high,3
8,748,497,197,334,727,86,178,2759,0,0,63.75714173528397,high,3
93,820,191,97,949,3494,33,19,3437,0,0,62.44350015191075,high,3
26,454,453,64,898,4444,12,111,2665,1,0,73.42431241084901,high,3
74,905,62,73,1865,668,42,58,3170,1,0,34.25559559304403,low,1
90,684,72,84,1190,4018,61,70,895,0,1,47.9549983779024,medium,2
34,400,160,4,677,4534,92,136,2823,0,0,41.063095090966215,low,1
7,921,168,1,1684,4244,99,108,3614,0,1,40.33912138954545,low,1
68,980,88,21,642,3774,21,128,3268,0,1,46.79217325032314,medium,2
58,475,175,111,586,2999,51,156,2941,0,0,45.5110218957429,medium,2
75,701,268,56,1652,4647,51,190,2445,1,1,71.50095201680803,high,3
29,633,72,65,1692,2114,35,199,280,1,0,24.638310855695114,low,1
36,557,244,73,146,1265,72,55,2936,1,0,40.361730984124044,low,1
89,575,76,97,1956,2492,18,195,885,1,0,43.83786362021288,medium,2
21,129,158,143,1707,393,37,34,1223,0,1,18.78855700256961,low,1
36,821,488,111,437,2617,69,122,3191,0,0,78.04349281385014,high,3
10,362,458,178,1485,203,78,130,590,1,0,53.53079796903081,medium,2
73,704,323,124,621,3817,56,103,1499,0,0,71.82966816517587,high,3
24,818,97,166,1883,3729,19,6,2371,1,1,32.66042030351248,low,1
64,692,380,85,920,2591,8,26,948,0,0,70.69022505960567,high,3
99,291,101,75,828,2575,31,0,1203,0,1,43.154313620985306,medium,2
49,370,493,87,150,2773,3,198,3233,0,1,78.32837370554039,high,3
99,793,131,167,1116,2808,49,171,462,1,0,55.50544432600557,medium,2
36,28,101,37,186,2349,81,86,2136,1,1,21.381354502994444,low,1
82,148,18,187,207,3416,4,40,998,1,1,29.428535657824945,low,1
96,778,453,58,633,741,19,122,865,1,0,83.97676538289227,high,3
24,295,481,137,1601,2882,86,74,2276,0,0,68.96082441179652,high,3
23,10,81,98,700,3130,74,41,2292,0,0,17.762869928370232,low,1
62,511,396,191,1454,4790,36,116,927,0,1,79.34242609156868,high,3
96,675,488,62,410,4187,21,160,501,0,0,99.03129554103396,high,3
37,112,278,48,1731,2614,57,177,276,1,1,46.67384702332216,medium,2
12,186,338,191,480,2392,67,62,2459,0,1,44.29040954102362,medium,2
55,806,364,31,227,541,92,164,1020,0,1,61.17103860592297,high,3
13,743,330,134,1958,4326,43,186,3340,0,1,60.47984479358164,medium,2
23,226,128,20,938,644,33,126,956,1,1,18.025978021864855,low,1
89,309,343,19,1861,1779,76,175,3468,1,0,70.05047813257944,high,3
99,97,309,153,1762,3814,41,132,1221,1,0,72.32991147981647,high,3
30,54,454,126,641,2380,8,47,2637,0,1,61.6808889867297,high,3
17,622,88,67,960,12,94,2,1104,1,1,12.606401878543512,low,1
62,663,212,109,915,215,6,115,1864,0,0,42.98761412615285,medium,2
84,757,142,115,184,4145,67,174,718,0,0,55.645398521058965,medium,2
89,405,64,142,32,2631,18,189,2457,0,1,39.09626956172468,low,1
86,68,75,119,1758,4749,93,98,2551,1,1,44.06040318137111,medium,2
13,311,198,78,1950,2900,30,115,3181,1,0,33.9783746067057,low,1
59,288,142,115,244,3203,34,13,2774,0,0,38.31489484687914,low,1
19,761,404,91,1046,2676,56,190,3468,0,1,64.34832228762109,high,3
49,547,402,13,1134,3316,84,111,1514,1,0,71.2118871432029,high,3
12,750,315,154,938,907,60,60,2988,1,0,43.6653709196521,medium,2
61,147,92,124,1569,1095,30,158,3640,1,1,27.599282672392935,low,1
19,466,472,167,1909,1289,82,94,3553,0,1,63.89638787185944,high,3
76,738,416,57,532,680,94,16,3565,0,1,72.57683078174806,high,3
9,243,304,27,1818,1515,52,123,989,0,0,38.75067265555401,low,1
71,490,223,25,1485,3585,31,23,507,1,1,56.03681002919776,medium,2
28,848,496,112,440,4824,65,115,3081,1,0,84.67352710962804,high,3
78,957,290,190,802,1965,58,150,3003,1,1,67.23300080332453,high,3
95,506,427,65,1639,259,9,81,3521,0,1,77.28979674859549,high,3
52,364,101,152,1746,1902,1,49,736,0,0,29.281951460660274,low,1
83,481,473,130,542,3449,65,78,3315,1,0,88.72766075502209,high,3
16,200,266,199,1885,1863,59,78,3470,0,1,37.471066155834656,low,1
69,153,354,43,988,2864,87,69,2931,1,1,65.0753374220492,high,3
99,449,455,96,1756,1513,16,26,1167,0,0,84.17851377238111,high,3
12,500,109,41,1685,3395,95,14,3094,1,1,25.727240425762005,low,1
25,72,461,5,1326,3581,15,49,783,0,0,65.65155219292147,high,3
52,712,329,166,819,3802,15,35,2580,0,0,66.18996629641646,high,3
85,295,449,179,922,3436,45,7,1689,1,1,83.41260369838254,high,3
53,16,429,22,1134,53,38,78,2894,1,0,57.877585057133885,medium,2
23,640,264,88,1535,3622,30,130,617,1,0,49.9412794230482,medium,2
16,216,2,122,1337,2628,87,189,1364,1,0,9.324470372258526,low,1
57,60,84,177,880,4688,0,46,1522,1,1,34.3184357829582,low,1
39,938,281,170,549,3173,10,104,1877,0,0,57.438669262022835,medium,2
53,615,327,146,1033,1298,84,97,2785,1,1,57.447793561044946,medium,2
42,41,303,196,1586,2952,3,95,3145,1,1,51.225971070017984,medium,2
58,24,449,50,1388,229,70,188,3516,1,1,64.25921956507187,high,3
39,38,453,10,1336,1935,25,159,3347,0,0,64.75225355702834,high,3
14,802,411,11,1529,2982,49,115,3185,1,0,64.85752897890242,high,3
95,130,116,73,1691,3523,11,12,236,1,1,46.093577008440064,medium,2
5,497,220,7,1801,2458,94,0,2228,1,1,33.06666885521105,low,1
35,228,153,151,236,3481,80,33,2745,0,0,33.04980418964638,low,1
87,107,152,40,1269,2784,96,189,2605,0,1,47.385832007332915,medium,2
93,171,11,163,882,1000,74,78,194,1,1,24.573040737822687,low,1
75,434,132,84,901,2956,91,77,2994,0,0,44.27816334780347,medium,2
18,477,481,71,1488,1822,95,120,2028,1,1,66.04637525554475,high,3
76,101,303,54,1046,4963,64,92,3246,0,0,68.24864632092816,high,3
9,865,292,136,219,813,46,97,3087,1,0,40.72398335676363,low,1
74,523,462,46,750,499,91,81,2114,0,1,74.78235247923458,high,3
58,274,299,142,406,3566,52,198,362,1,0,59.22535827758982,medium,2
17,612,227,175,1133,1503,70,158,432,1,0,35.833101605104204,low,1
7,43,270,103,40,3655,1,191,443,0,0,37.895949519292664,low,1
46,954,42,41,907,2901,23,152,74,1,1,31.169313517994993,low,1
13,816,431,59,1561,1715,3,37,3503,1,1,61.8949962151056,high,3
40,956,342,197,658,3526,18,13,2283,1,1,65.66090178327745,high,3
42,16,325,11,338,3350,25,135,91,1,0,52.881508344790994,medium,2
9,329,301,129,1199,63,74,90,2497,0,0,33.66190465155799,low,1
50,568,497,6,1492,2585,39,53,897,1,1,79.93540897457684,high,3
27,822,363,79,1855,3601,49,129,1521,0,1,65.46499487623139,high,3
66,496,378,130,961,625,42,100,2897,0,0,63.356332360074774,high,3
5,814,426,108,1133,964,74,88,48,0,1,55.213611587441356,medium,2
29,11,492,2,630,2443,66,55,394,0,1,64.92724055449989,high,3
37,317,20,26,1888,1639,11,93,3401,1,1,15.54125599274948,low,1
38,591,406,113,1206,2791,66,92,3108,1,1,67.55107998228567,high,3
83,215,106,106,1782,659,26,83,2505,0,1,33.91234815364097,low,1
8,338,335,39,171,2357,53,84,1170,1,0,43.906094709902014,medium,2
65,775,302,160,1938,4500,65,188,609,0,1,72.57229277059422,high,3
86,990,116,128,1761,3288,48,21,3608,1,1,53.998164841163174,medium,2
17,660,123,7,785,2650,15,34,575,1,0,26.40255119906485,low,1
71,80,398,100,1296,3811,1,15,1759,1,0,72.60291629976362,high,3
89,726,280,159,1837,2571,59,49,2402,0,0,68.42928169398485,high,3
45,484,291,123,283,3259,53,121,84,0,0,54.65545230775569,medium,2
4,373,202,175,1036,380,29,127,807,1,1,22.014407058956817,low,1
36,975,50,106,1061,867,83,112,3069,0,1,22.866941650831905,low,1
70,709,270,100,335,4896,37,170,71,0,1,68.63411979319544,high,3
31,199,323,3,949,4763,27,16,1350,1,1,56.32927036504922,medium,2
19,536,276,197,1182,393,24,79,260,0,0,36.387430932113936,low,1
61,465,140,109,549,3887,95,185,482,1,0,44.85704943020603,medium,2
54,88,469,18,497,2562,9,129,2471,1,1,72.33163334929684,high,3
39,267,274,31,831,4344,59,131,1575,1,1,53.52946231326566,medium,2
91,654,289,136,1471,4300,41,84,1411,0,1,75.04243523195997,high,3
74,570,333,11,1098,2735,39,166,1497,1,1,69.32801710154331,high,3
90,921,380,138,365,4044,96,93,1181,1,0,86.40561516120559,high,3
19,488,451,45,1566,3303,76,133,2768,0,1,68.58819254556035,high,3
39,876,495,118,1285,4261,41,80,3506,0,0,86.79091161885339,high,3
67,537,372,15,244,3998,46,68,2469,0,0,73.9579953963325,high,3
45,46,51,128,236,932,36,68,1246,0,0,12.811867575041324,low,1
13,287,493,62,1558,2925,79,147,2681,1,0,68.19367523546163,high,3
92,777,26,108,1346,2960,21,191,910,0,1,42.11200326479327,medium,2
58,15,156,118,58,3056,56,15,3179,0,1,35.934836734588785,low,1
20,710,238,20,127,984,83,50,114,0,1,34.77569672954226,low,1
92,400,155,157,63,1240,26,104,1083,0,1,44.302172967099736,medium,2
72,918,290,12,1683,2445,40,164,78,1,0,66.9036409654313,high,3
61,793,135,161,574,1824,79,196,1198,0,0,41.182676512541654,low,1
39,980,143,3,1077,2944,33,169,98,1,0,41.7837055146169,low,1
1,85,105,155,1848,4943,31,184,3159,0,1,24.757860092794285,low,1
3,249,419,101,62,1373,89,65,2774,1,0,47.957106461097986,medium,2
77,390,157,58,1619,3950,88,8,2556,1,0,50.73919695869573,medium,2
92,781,145,127,567,213,65,106,2897,0,0,45.124470243520626,medium,2
62,334,1,26,1558,170,11,99,3546,1,0,15.344753672892436,low,1
63,628,432,68,1710,4497,39,85,3397,0,1,84.93851799498437,high,3
25,518,76,24,1135,778,72,63,1731,1,0,16.089228885696187,low,1
56,136,131,130,1825,3758,75,21,3272,1,0,38.48222193899883,low,1
33,882,89,96,1803,2591,89,161,1628,1,1,32.592800718872454,low,1
38,687,344,195,1882,1103,72,182,2224,0,1,56.95475956908848,medium,2
6,839,349,24,877,4510,9,156,3585,1,1,60.947533510476696,high,3
58,497,458,147,407,617,95,165,3407,0,0,70.66520162930692,high,3
44,826,262,161,1171,1550,97,109,1899,1,0,50.49485241486562,medium,2
45,726,350,153,684,2885,47,96,1045,1,0,63.65659743142131,high,3
32,476,107,125,1954,3201,19,17,2686,1,0,30.561525775903355,low,1
45,593,73,132,396,1847,38,70,475,1,1,25.127498802737485,low,1
61,222,38,188,120,699,59,192,2298,1,0,18.947757514431526,low,1
47,989,396,8,623,3769,65,126,1431,1,0,76.25767277914241,high,3
21,371,158,115,26,2959,64,96,3367,0,1,30.118152430829124,low,1
80,934,70,177,1813,2113,50,0,2172,0,1,41.326991704129405,low,1
85,994,446,133,1215,375,35,131,291,0,1,81.77618400251296,high,3
75,401,311,59,893,3585,23,3,1878,1,0,65.95580813932533,high,3
36,442,240,171,1569,4560,26,124,926,0,0,51.92970073586587,medium,2
99,489,425,120,550,4209,1,81,1124,1,0,89.89972282729039,high,3
19,614,444,138,180,4182,30,26,2296,0,0,69.24802258577807,high,3
20,272,297,193,418,4335,56,170,1586,0,0,50.537432476968796,medium,2
57,525,439,174,749,2388,77,58,121,1,1,72.91449421451854,high,3
18,158,35,107,1411,1215,65,31,156,1,1,6.028216774034078,low,1
47,151,83,107,1221,4998,28,160,109,0,0,34.59317856462385,low,1
49,994,451,130,867,3849,14,27,1877,0,0,82.85520075388918,high,3
14,619,373,75,239,2745,11,105,3339,0,0,55.76649261301902,medium,2
15,187,262,29,1866,3357,27,104,1012,0,0,41.25320879228397,low,1
31,812,309,20,1885,1685,83,182,3473,1,0,54.712418830750856,medium,2
1,97,384,155,128,308,23,187,945,0,1,38.6413580819082,low,1
54,130,171,189,1189,966,20,69,2563,1,1,32.33102828114299,low,1
3,804,375,160,793,1124,9,61,723,1,1,48.64089784389756,medium,2
16,170,172,162,1720,2515,77,33,54,0,0,26.49331142214189,low,1
87,935,361,179,474,1484,17,86,185,1,0,74.16033919863229,high,3
57,985,46,33,113,4470,87,113,3618,0,1,40.45435790682466,low,1
75,182,378,40,1637,4456,13,105,2709,1,1,76.7218533881242,high,3
12,982,140,50,707,3736,33,55,1842,1,0,35.10394620300423,low,1
74,363,374,174,1828,3481,57,112,1583,0,1,74.53392050691836,high,3
96,38,405,81,1535,2838,75,12,1996,1,1,77.22541170382041,high,3
16,526,117,57,1726,2860,21,183,1763,1,0,27.80809555442266,low,1
72,887,276,74,1715,2516,69,17,1110,0,1,63.78794227907289,high,3
76,496,213,184,1732,3780,35,181,1658,1,1,59.604877621747434,medium,2
24,515,219,22,184,2974,44,112,48,1,1,39.273654302678274,low,1
28,348,392,175,1767,4604,35,170,1437,0,0,67.42443406816932,high,3
8,981,25,127,754,959,21,38,1246,0,1,10.285016066490554,low,1
92,920,8,149,1707,4613,77,188,2314,1,1,48.40229822908139,medium,2
36,396,270,16,1454,2860,79,169,1440,1,1,49.59882050331372,medium,2
90,721,9,68,1167,175,60,78,3527,1,0,28.359383448425024,low,1
8,160,471,107,1424,3496,99,145,306,0,0,63.65722502870856,high,3
58,15,377,138,1769,2519,55,150,3328,1,1,63.70649946187556,high,3
60,492,120,93,1534,929,88,181,774,1,0,33.31059500084966,low,1
50,425,124,14,674,123,95,29,581,1,1,24.41683338225374,low,1
28,107,169,90,42,3514,32,97,3424,1,0,32.369665744903266,low,1
92,893,71,162,64,1001,44,57,1206,1,0,38.8722012379437,low,1
41,449,151,32,1987,3849,35,195,668,1,1,41.8790520255622,medium,2
64,310,207,124,528,1268,19,66,266,0,1,41.065975601592235,low,1
27,738,48,15,765,3436,17,70,1027,0,1,24.760080821656807,low,1
63,169,153,161,1858,524,37,145,2132,1,0,33.24135010015809,low,1
17,545,346,65,1671,4814,66,105,2033,1,1,61.27739220775208,high,3
73,413,292,167,21,3206,22,6,1489,0,0,60.76868437585291,medium,2
33,250,67,155,1561,4444,95,39,2761,0,0,27.64413174007302,low,1
84,758,49,46,729,2594,15,69,2186,0,1,39.20405537274773,low,1
77,780,151,166,564,77,58,192,1237,1,0,41.464242403176215,low,1
92,140,18,197,382,1606,68,67,1421,1,1,26.551484862997118,low,1
29,273,99,147,493,4488,67,48,2036,1,0,29.33030863625362,low,1
13,415,59,123,982,28,20,51,1251,1,1,6.298405452307756,low,1
46,607,166,0,1680,2740,77,113,1424,0,0,41.85922638818083,medium,2
35,738,201,199,1261,3531,94,106,402,0,0,46.16344950641887,medium,2
6,890,344,86,632,582,77,28,3050,0,1,45.09383062211306,medium,2
82,38,145,127,316,2268,69,148,1550,0,0,40.466604100044805,low,1
69,813,402,190,466,2912,11,77,2278,1,1,77.90706281894816,high,3
47,28,163,66,169,660,15,8,878,1,0,24.542964344749816,low,1
25,957,457,3,340,2597,80,174,2586,0,0,73.0006520574892,high,3
66,476,480,185,785,3272,86,75,1375,0,0,83.44193984850124,high,3
10,317,438,152,234,1348,13,41,2352,0,1,52.739896649209804,medium,2
56,244,241,46,992,3644,60,178,2288,0,1,52.82032565540468,medium,2
30,747,68,37,738,2837,70,183,533,0,1,27.122067350522425,low,1
5,696,174,142,1537,2227,45,178,3219,1,1,31.28636845818336,low,1
33,271,48,190,1489,3549,31,197,732,1,1,23.740621443615378,low,1
65,439,482,20,1078,1047,14,127,2119,0,0,76.30171723491578,high,3
18,747,107,56,1247,4393,43,19,344,0,0,32.21479404509947,low,1
96,238,225,116,1092,3988,16,154,2865,0,1,63.851168682702266,high,3
49,376,160,180,653,2971,40,165,2406,1,0,39.91509091470856,low,1
11,265,118,45,625,3236,53,71,1070,1,0,21.88407602230771,low,1
85,925,148,141,204,1108,43,64,312,1,0,46.57383376331793,medium,2
26,920,464,144,1958,2334,97,181,3020,0,0,74.87776335913242,high,3
63,358,149,38,498,949,4,112,287,1,1,33.96912156977853,low,1
89,339,431,136,166,3726,26,23,604,0,0,82.84490172148328,high,3
86,388,292,98,619,3424,86,127,603,1,1,67.01739699680216,high,3
59,576,142,76,1259,1458,77,174,2689,1,1,38.722189394056436,low,1
27,989,418,114,421,580,78,198,1072,1,0,62.222714644709136,high,3
49,688,475,133,1238,2914,42,82,1582,0,1,79.83047148970356,high,3
77,2,454,150,1112,2515,96,62,2914,0,0,76.10883566863895,high,3
33,428,159,186,1157,927,30,184,452,1,0,28.692460593327255,low,1
98,141,10,90,480,1884,98,182,1519,0,0,29.745407918926027,low,1
99,375,137,97,1973,4938,16,59,1426,0,1,58.807748605768495,medium,2
1,669,456,119,1251,1688,91,98,787,0,1,58.9051710154331,medium,2
21,323,77,45,525,625,82,61,2840,0,1,11.818879928730695,low,1
55,145,76,37,1635,4511,53,29,1134,0,0,33.610892256672486,low,1
6,957,440,141,1137,1759,61,21,1604,0,0,61.29321087783803,high,3
92,292,253,99,402,3835,86,125,3649,0,0,65.10319308625955,high,3
81,664,408,71,640,4198,31,156,2501,1,1,86.12208601751864,high,3
69,431,257,189,1678,2487,39,168,458,0,0,56.677715597369634,medium,2
95,704,319,34,1857,4759,12,41,3489,0,0,82.5047118073257,high,3
5,948,290,146,617,3515,83,97,2051,1,1,50.00457019563012,medium,2
3,974,262,29,989,3485,34,192,233,1,1,47.295538459161776,medium,2
53,584,84,77,443,4539,4,30,2273,1,1,38.31458909435458,low,1
23,398,145,83,1364,1145,72,157,2805,1,0,25.210148537794876,low,1
53,816,322,112,1176,4010,28,111,2362,0,0,68.85810765578574,high,3
37,888,41,24,1833,384,69,145,2022,1,0,20.336742956749212,low,1
74,343,373,167,549,216,24,121,2273,1,1,61.55903855957734,high,3
74,963,124,87,287,4885,94,16,336,0,1,53.82261461535689,medium,2
83,139,166,13,242,1329,21,37,1717,0,1,39.82608474558815,low,1
17,186,424,153,1562,1151,65,141,43,0,1,52.9095249313827,medium,2
85,804,240,101,1604,4637,44,109,1890,1,0,71.07798362968798,high,3
78,60,458,149,1123,2700,68,183,3247,0,0,79.74725852631147,high,3
73,996,486,175,1525,3265,90,21,1991,1,0,92.77844721488415,high,3
1,938,279,82,1232,99,88,194,1110,0,0,36.823112187359996,low,1
51,379,187,109,371,4118,71,55,752,0,0,45.53718787494915,medium,2
45,709,301,178,1474,3030,0,118,809,1,0,59.32223355115788,medium,2
77,806,18,130,35,1867,83,146,1263,0,0,31.241857327504086,low,1
4,439,67,169,1058,814,43,56,558,0,0,7.454504024346913,low,1
62,318,217,18,1427,954,86,171,827,0,1,43.11083239354663,medium,2
65,301,101,27,516,2799,95,34,373,0,1,33.841735412707976,low,1
32,343,41,172,1334,3885,74,113,1332,0,0,23.56133781856195,low,1
34,10,287,70,1372,1620,38,124,238,1,1,41.092205949751026,low,1
92,61,166,62,276,2933,53,128,670,1,0,47.977736710386054,medium,2
95,844,108,72,470,3892,87,51,3436,0,0,54.77804297786223,medium,2
72,225,493,123,1726,3231,74,84,1341,1,1,84.95580105874053,high,3
39,152,35,118,465,4401,28,197,2329,1,0,24.832576354451497,low,1
26,710,231,120,1393,4745,53,164,3366,1,0,52.84304789565021,medium,2
34,563,228,18,1101,2397,89,64,2348,0,0,42.934284448976015,medium,2
54,771,352,174,1016,4733,15,178,1977,0,0,75.17056163198468,high,3
3,570,163,141,872,951,98,128,949,0,0,21.21312624553924,low,1
50,583,386,119,1445,4935,19,20,1753,1,0,75.12783673973831,high,3
12,659,72,165,500,2576,45,180,2074,1,0,20.533213092129998,low,1
65,860,135,180,1866,985,66,15,448,0,1,39.396518540833085,low,1
54,574,352,60,1082,964,64,122,1779,0,1,58.98831960987266,medium,2
5,309,378,163,1720,1272,57,60,2872,1,0,45.99747416230245,medium,2
94,884,69,167,573,953,52,53,3312,1,1,40.23722533767954,low,1
94,242,424,29,1135,2212,0,167,1418,0,0,80.10778902947068,high,3
57,492,486,8,225,3337,80,25,1129,1,0,80.65500558722509,high,3
17,365,195,63,1471,4284,65,79,3422,1,0,39.40450029094767,low,1
47,329,268,160,1733,2269,28,64,2802,1,0,49.198413434057876,medium,2
23,106,48,119,1602,1838,83,99,2510,1,1,12.389317586112789,low,1
79,225,315,51,568,1267,69,73,2186,1,1,57.96219804524364,medium,2
85,824,129,88,168,474,7,191,2718,1,1,43.203732884295526,medium,2
14,217,443,141,498,3304,28,170,1575,1,1,61.85479780424631,high,3
66,936,4,52,695,1240,50,16,1100,0,0,24.87990362680426,low,1
75,752,427,186,1275,2664,32,120,2456,0,1,82.46945371357361,high,3
51,505,26,77,803,894,2,186,1880,1,0,19.21028628735331,low,1
38,258,159,40,1786,3815,59,22,1149,1,0,37.40188562409561,low,1
64,887,148,195,1915,3866,34,134,987,1,1,52.78809290242182,medium,2
98,773,263,67,14,3145,68,171,132,0,0,70.21144879063615,high,3
38,516,229,7,1629,934,90,180,2969,0,1,40.76001387794617,low,1
50,772,199,1,1853,4599,75,70,2931,1,1,55.700965019336444,medium,2
98,53,49,104,370,1556,83,107,1199,0,1,31.082640723404033,low,1
82,46,66,124,468,1104,19,78,1933,1,1,26.775006050681547,low,1
30,726,299,109,257,2421,72,161,3128,1,1,52.61608296900507,medium,2
79,688,380,85,1599,2627,38,45,1785,1,0,76.52432116502656,high,3
91,520,57,168,1706,772,3,195,2607,1,1,35.80477926598796,low,1
51,98,258,119,955,2333,18,77,708,1,1,45.33389463059945,medium,2
63,19,341,126,431,4155,90,15,1998,1,0,63.1139832537733,high,3
98,889,325,182,1956,2785,44,70,1018,1,1,79.08625375270995,high,3
52,752,129,15,1771,4669,42,95,1135,0,1,47.63753070399036,medium,2
38,572,214,61,24,4888,12,146,2505,1,0,51.156259494420496,medium,2
97,890,171,112,745,3165,12,1,1637,0,0,59.90120009475109,medium,2
88,489,257,175,1606,3980,59,9,2899,1,1,67.1513648792696,high,3
79,418,101,157,1155,2050,56,177,1532,1,0,39.49165585268264,low,1
30,689,208,11,286,593,85,124,1819,0,1,34.1685044002616,low,1
51,849,290,34,1591,4341,91,80,1215,0,0,65.81995746499615,high,3
81,61,353,10,462,2113,51,139,961,1,1,64.32500463456459,high,3
5,144,470,63,1423,1952,52,69,1455,0,1,56.56394347376064,medium,2
29,215,285,49,1327,4465,85,149,3609,1,1,53.14915444943947,medium,2
4,2,115,148,1607,119,42,31,1091,1,0,6.091845483616814,low,1
10,159,263,68,607,201,82,104,2008,0,1,27.35126909826821,low,1
56,738,149,47,455,913,71,83,2588,0,0,36.48235904486774,low,1
17,997,299,19,219,871,71,128,2470,0,1,45.81640429881614,medium,2
74,780,441,100,1623,1093,41,181,2072,0,1,79.61461020737103,high,3
17,119,35,194,723,659,89,57,2790,1,1,3.6618853408722276,low,1
84,892,452,171,311,4144,25,197,2571,0,1,94.71899411925251,high,3
88,88,332,160,1942,3621,22,145,3301,0,1,72.04898927870727,high,3
69,328,476,188,1256,646,42,133,1308,0,0,74.07302271451597,high,3
34,579,286,136,1767,1046,76,44,1232,0,0,45.36274801357412,medium,2
6,909,302,67,12,4141,27,96,2624,0,0,52.800419556832644,medium,2
53,356,310,34,999,2158,8,22,623,1,1,53.82218012492727,medium,2
66,609,207,64,1551,3875,19,22,2466,1,1,55.80504961558863,medium,2
77,266,105,7,1126,3167,55,153,1451,0,0,41.12430996482881,low,1
43,616,445,44,529,3597,82,134,2235,0,1,76.09353195017329,high,3
75,951,157,86,1461,3304,38,78,1057,1,1,54.6784481160495,medium,2
23,322,120,174,502,4271,50,43,2244,0,1,29.864796233643855,low,1
55,634,54,167,1268,2440,11,26,3569,1,0,29.8483660585088,low,1
80,987,399,75,629,1889,78,25,989,1,0,78.33096455588,high,3
95,540,11,181,1194,3976,94,96,2486,0,0,41.18135694901464,low,1
75,648,144,75,1754,3723,54,35,3513,1,0,51.63926802201933,medium,2
16,194,399,173,1785,4136,77,108,3305,0,0,61.15814872317746,high,3
8,920,395,46,340,4116,10,54,2271,0,1,64.19097238314461,high,3
4,737,135,14,342,2021,25,191,2312,1,1,24.623876118088706,low,1
4,331,467,104,59,3383,41,184,2795,1,1,63.39633766407648,high,3
56,169,2,146,1556,2153,26,68,1203,0,1,17.6297066578095,low,1
25,520,143,25,872,2510,10,60,3260,1,0,30.235255647731893,low,1
67,462,29,51,1701,4591,37,129,3380,0,0,37.594815467086875,low,1
96,39,236,92,1525,1299,97,54,845,1,1,52.071618183971616,medium,2
67,536,278,149,1615,1457,42,121,433,1,0,55.58539056505641,medium,2
27,260,347,20,1714,3209,18,96,922,0,1,54.85584894924123,medium,2
93,394,114,50,281,1953,63,79,2755,0,1,42.72225311931945,medium,2
32,954,103,37,589,3193,5,86,3412,0,1,35.11937865937495,low,1
50,225,117,19,1900,3226,45,37,97,1,1,33.55907524988027,low,1
61,983,4,156,1285,3146,41,118,3564,0,0,33.365083319172165,low,1
51,123,467,178,569,3328,91,77,117,0,1,72.98369083849572,high,3
19,974,359,131,705,2792,64,156,2294,1,0,60.79517219982182,medium,2
21,37,247,54,1865,1000,98,153,2078,1,1,32.21957343982534,low,1
5,327,363,198,1732,4930,71,34,1188,0,1,56.505029789951244,medium,2
82,250,320,91,1123,2163,58,78,1750,0,1,63.393634168069916,high,3
92,900,120,27,455,235,51,66,1404,0,1,42.63986086007219,medium,2
42,175,285,3,1026,786,46,86,2217,0,0,41.87245420792717,medium,2
61,601,148,149,1365,2847,6,156,2695,1,1,45.11819427064828,medium,2
22,913,83,75,1172,697,10,33,2210,1,0,20.23043763163451,low,1
21,453,453,172,366,539,60,96,1673,0,1,57.06170858372855,medium,2
70,36,405,66,1634,3452,67,168,207,0,1,73.0443746684999,high,3
1,315,465,85,283,2163,24,168,2887,0,1,57.83891540889732,medium,2
5,687,455,193,1052,1304,11,150,1411,1,0,59.39851075991412,medium,2
12,972,230,161,320,1536,25,70,2457,0,1,37.72535570283172,low,1
90,795,287,90,879,4784,11,2,937,0,1,76.06461419824612,high,3
46,964,160,182,895,2906,42,57,2735,1,1,44.89259718424454,medium,2
34,972,271,104,163,3113,50,31,2527,1,1,53.99914646768937,medium,2
49,592,459,0,1423,2450,36,30,615,0,1,74.48316558784302,high,3
78,113,37,71,1293,4145,45,81,2540,0,0,34.779993357124106,low,1
90,39,499,86,629,3812,52,42,1019,1,0,88.86505628421213,high,3
45,300,225,165,892,854,87,134,1161,0,1,37.53849263361707,low,1
27,223,141,5,806,456,79,104,2199,0,1,19.9578833943551,low,1
73,317,291,152,1604,3925,12,0,2094,1,0,64.09993859201929,high,3
26,348,480,144,134,3119,88,60,1249,1,1,68.7877041139485,high,3
47,114,150,60,1387,1244,53,13,2404,1,0,28.0649115828068,low,1
86,697,113,11,1306,236,56,179,347,0,1,39.66121976590299,low,1
56,322,236,5,628,4153,3,5,2886,1,1,52.73437701152977,medium,2
94,567,65,26,1844,2969,74,102,1532,1,0,44.58529980483333,medium,2
63,39,360,135,254,1840,95,9,2064,0,1,57.16522995164604,medium,2
48,865,340,123,857,3789,48,70,3353,0,0,68.76354966450903,high,3
61,39,257,105,459,196,6,89,2072,1,0,39.86750616654566,low,1
81,858,474,192,939,2887,10,157,532,1,0,91.20462632535677,high,3
26,972,248,184,1280,2545,91,148,2052,0,1,49.42104954864491,medium,2
36,748,456,92,529,1942,53,125,148,0,0,70.2118993733039,high,3
1,288,448,108,1174,2934,86,187,739,1,0,58.82041319718013,medium,2
8,261,330,98,371,858,44,96,3599,1,1,38.34781956610176,low,1
99,215,322,167,17,2042,22,73,3587,0,1,67.01684986070559,high,3
52,146,179,141,487,1262,27,114,74,1,1,32.81746445546441,low,1
79,335,189,34,1385,1891,56,190,343,0,1,48.334163692821065,medium,2
47,167,406,175,504,279,25,169,3280,1,1,56.49580893750033,medium,2
56,91,153,83,1639,1640,24,50,447,0,1,32.28671025732132,low,1
86,352,195,55,842,4415,53,191,2633,0,0,60.241727945909474,medium,2
14,570,465,176,1460,3213,28,55,1131,1,1,67.90156892884912,high,3
90,570,310,140,1072,1584,82,40,355,1,0,65.33171896000371,high,3
28,815,261,188,602,2902,96,31,3458,0,1,49.23098412404155,medium,2
87,680,418,48,196,1705,35,14,1469,1,0,77.88046234931232,high,3
78,780,405,45,1629,3268,13,61,2016,1,0,82.80478377181463,high,3
88,362,426,112,1633,3272,77,154,2592,1,1,84.65358882657975,high,3
2,556,142,189,763,1455,34,27,2291,0,1,19.24036268042618,low,1
26,344,341,135,1887,229,29,63,103,1,0,43.893961162348795,medium,2
14,692,315,42,102,62,91,186,1632,1,1,40.71384524673908,low,1
59,169,100,147,95,1767,16,185,538,0,1,28.106928416575265,low,1
56,355,243,123,1077,1676,66,129,2409,1,0,46.98677668608035,medium,2
7,190,489,96,146,2795,79,126,3194,1,0,62.62373321901408,high,3
3,666,11,89,430,729,29,35,717,0,0,2.016148239122933,low,1
23,421,238,38,83,415,92,113,686,0,1,31.128986369230603,low,1
18,699,48,84,1581,2304,44,198,1572,1,1,20.365773354343364,low,1
38,6,41,176,1646,81,78,12,1322,1,1,7.252820003810643,low,1
99,132,165,191,1545,2063,88,14,1429,0,1,48.079874145824,medium,2
15,746,81,61,1189,1239,50,88,3105,0,0,18.78340748636665,low,1
64,556,428,105,1971,1577,46,187,3239,1,1,75.13855417033572,high,3
89,825,290,106,1288,3692,52,21,3332,1,0,74.10182782077624,high,3
28,760,157,53,180,2963,63,190,2677,1,1,37.76209428249216,low,1
74,30,215,125,1761,4492,37,73,1582,0,1,54.96958888837394,medium,2
39,534,489,8,179,708,63,24,1105,1,0,66.87588185464978,high,3
57,425,157,87,1797,836,86,100,354,0,1,34.88348254056531,low,1
17,393,461,36,881,358,88,175,1021,0,1,56.807225929873894,medium,2
86,671,133,48,331,3918,6,170,2023,0,0,53.91094491047566,medium,2
90,362,66,40,1600,317,21,116,746,1,1,31.457251934930724,low,1
44,436,335,16,465,3426,80,165,2800,1,0,61.21881646094349,high,3
25,669,6,87,953,2344,81,40,306,1,0,14.216221104777208,low,1
17,550,435,20,1636,4871,40,172,2613,0,0,72.80728772406833,high,3
13,926,13,50,799,4830,73,87,3587,1,0,24.721749110421076,low,1
84,81,72,58,622,2819,9,167,3617,0,1,36.23204428068983,low,1
25,355,398,166,1188,3568,56,109,181,0,1,61.937125694541,high,3
68,257,404,182,898,4488,6,119,984,0,1,77.39661702533047,high,3
10,717,162,40,358,3487,49,96,1536,0,0,33.02486122053833,low,1
67,588,65,38,1484,4630,90,144,288,0,1,42.42634904450727,medium,2
18,988,346,140,1909,2696,51,56,2401,0,1,59.07455791403399,medium,2
86,523,129,191,1686,2995,32,129,3094,1,1,50.02190153610069,medium,2
34,294,418,10,1206,285,0,95,898,0,1,54.73065133655694,medium,2
8,961,465,146,19,2557,52,120,1221,1,0,67.4618163373551,high,3
40,223,205,138,749,2774,59,61,717,0,0,38.35535073354858,low,1
83,524,275,76,1298,346,33,136,339,1,1,55.7078524972579,medium,2
42,45,465,126,1471,1983,3,67,2880,1,0,66.28064605830282,high,3
41,666,255,45,1793,2989,16,80,1532,1,1,52.313870736844265,medium,2
6,112,265,44,1280,4586,3,16,3157,1,1,41.49834185578265,low,1
52,232,24,0,676,3978,42,116,2697,0,1,26.222076748389494,low,1
26,16,449,167,555,920,89,49,502,0,0,53.50365036329838,medium,2
